,MSSubClass,LotFrontage,LotArea,OverallQual,OverallCond,YearBuilt,YearRemodAdd,MasVnrArea,BsmtFinSF1,BsmtFinSF2,BsmtUnfSF,TotalBsmtSF,1stFlrSF,2ndFlrSF,LowQualFinSF,GrLivArea,BsmtFullBath,BsmtHalfBath,FullBath,HalfBath,BedroomAbvGr,KitchenAbvGr,TotRmsAbvGrd,Fireplaces,GarageYrBlt,GarageCars,GarageArea,WoodDeckSF,OpenPorchSF,EnclosedPorch,3SsnPorch,ScreenPorch,PoolArea,MiscVal,MoSold,YrSold
1200,20,71.0,9353,4,5,1970,1970,0.0,0,0,864,864,864,0,0,864,0,0,1,0,3,1,5,0,1972.0,1,280,0,0,0,0,0,0,0,7,2006
1201,60,80.0,10400,7,5,1998,1998,0.0,0,0,866,866,866,913,0,1779,0,0,2,1,3,1,6,0,1998.0,2,546,198,36,0,0,0,0,0,3,2009
1202,50,50.0,6000,5,8,1925,1997,0.0,0,0,884,884,884,464,0,1348,1,0,1,0,3,1,5,1,1960.0,1,216,0,0,208,0,0,0,0,5,2009
1203,20,75.0,9750,7,5,2000,2001,171.0,0,0,1630,1630,1630,0,0,1630,0,0,2,0,3,1,6,1,2000.0,2,451,74,234,0,0,0,0,0,10,2009
1204,20,78.0,10140,5,6,1975,1975,0.0,788,0,268,1056,1074,0,0,1074,1,0,1,1,3,1,6,0,1975.0,2,495,0,88,0,0,0,0,0,7,2006
1205,20,90.0,14684,7,7,1990,1991,234.0,485,177,1496,2158,2196,0,0,2196,0,0,2,0,3,1,7,1,1990.0,3,701,84,70,0,0,0,0,0,6,2009
1206,20,0.0,8900,4,4,1966,1966,0.0,1056,0,0,1056,1056,0,0,1056,1,0,1,0,2,1,5,0,1966.0,1,384,0,42,0,0,0,0,0,11,2006
1207,20,70.0,9135,6,5,2003,2003,120.0,340,0,1342,1682,1700,0,0,1700,1,0,2,0,3,1,7,0,2003.0,2,544,192,23,0,0,0,0,0,5,2006
1208,20,70.0,7763,5,7,1962,1980,0.0,504,108,319,931,1283,0,0,1283,1,0,1,0,3,1,6,0,1980.0,2,506,0,0,0,0,0,0,0,10,2008
1209,20,85.0,10182,8,5,2006,2006,420.0,1220,0,440,1660,1660,0,0,1660,1,0,2,0,3,1,8,1,2006.0,2,500,322,50,0,0,0,0,0,5,2006
1210,60,70.0,11218,6,5,1992,1992,0.0,0,0,1055,1055,1055,790,0,1845,0,0,2,1,3,1,8,1,1992.0,2,462,635,104,0,0,0,0,400,5,2010
1211,50,152.0,12134,8,7,1988,2005,0.0,427,0,132,559,1080,672,0,1752,0,0,2,0,4,1,8,0,1988.0,2,492,325,12,0,0,0,0,0,6,2010
1212,30,50.0,9340,4,6,1941,1950,0.0,344,0,328,672,672,0,0,672,1,0,1,0,2,1,4,0,1941.0,1,234,0,113,0,0,0,0,0,8,2009
1213,80,0.0,10246,4,9,1965,2001,0.0,648,0,0,648,960,0,0,960,1,1,0,0,0,1,3,0,1965.0,1,364,88,0,0,0,0,0,0,5,2006
1214,85,69.0,10205,5,5,1962,1962,0.0,784,0,141,925,999,0,0,999,1,0,1,0,3,1,6,0,1962.0,1,300,150,72,0,0,0,0,0,5,2006
1215,20,99.0,7094,5,5,1966,1966,0.0,180,374,340,894,894,0,0,894,0,0,1,0,3,1,5,0,1966.0,1,384,0,0,0,0,0,0,0,5,2007
1216,90,68.0,8930,6,5,1978,1978,0.0,0,0,0,0,1318,584,0,1902,0,0,2,0,4,2,8,0,1978.0,2,539,0,0,0,0,0,0,0,4,2010
1217,20,72.0,8640,8,5,2009,2009,72.0,936,0,364,1300,1314,0,0,1314,1,0,2,0,3,1,6,0,2009.0,2,552,135,112,0,0,0,0,0,9,2009
1218,50,52.0,6240,4,5,1947,1950,0.0,0,0,0,0,672,240,0,912,0,0,1,0,2,1,3,0,0.0,0,0,0,0,0,0,0,0,0,7,2006
1219,160,21.0,1680,6,5,1971,1971,236.0,0,0,672,672,672,546,0,1218,0,0,1,1,3,1,7,0,0.0,0,0,201,0,0,0,0,0,0,4,2006
1220,20,66.0,7800,5,5,1964,1964,0.0,312,600,0,912,912,0,0,912,0,0,1,0,2,1,5,0,1964.0,1,288,0,0,0,0,0,0,0,11,2006
1221,20,55.0,8250,5,5,1968,1968,0.0,250,492,210,952,1211,0,0,1211,0,0,1,0,3,1,5,1,1968.0,1,322,0,63,0,0,0,0,0,8,2008
1222,50,78.0,10496,6,6,1949,1950,320.0,196,0,844,1040,1168,678,0,1846,0,0,2,0,3,1,7,1,1949.0,1,315,0,0,0,0,0,0,0,1,2007
1223,20,89.0,10680,5,3,1951,1951,44.0,756,0,1380,2136,2136,0,0,2136,0,0,2,0,4,1,7,0,1951.0,2,528,0,30,0,0,0,0,0,10,2006
1224,60,60.0,15384,7,5,2004,2005,0.0,724,0,64,788,788,702,0,1490,1,0,2,1,3,1,8,1,2004.0,2,388,100,75,0,0,0,0,0,2,2008
1225,80,65.0,10482,6,8,1958,1958,63.0,507,0,81,588,1138,0,0,1138,0,1,1,0,3,1,6,0,1958.0,1,264,224,0,0,0,0,0,0,6,2007
1226,60,86.0,14598,6,5,2007,2007,74.0,0,0,894,894,894,1039,0,1933,0,0,2,1,4,1,9,1,2007.0,3,668,100,18,0,0,0,0,0,1,2008
1227,20,72.0,8872,5,8,1965,2008,300.0,595,0,317,912,912,0,0,912,1,0,1,0,2,1,5,0,1992.0,2,576,0,240,0,0,0,0,0,12,2008
1228,120,65.0,8769,9,5,2008,2008,766.0,1540,0,162,1702,1702,0,0,1702,1,0,1,1,1,1,7,1,2008.0,3,1052,0,72,0,0,224,0,0,10,2008
1229,80,70.0,7910,5,5,1960,1960,0.0,666,0,409,1075,1507,0,0,1507,0,0,2,0,4,1,7,0,1960.0,1,404,0,0,0,0,0,0,0,8,2008
1230,90,0.0,18890,5,5,1977,1977,1.0,498,211,652,1361,1361,1259,0,2620,0,0,2,2,4,2,12,1,1977.0,2,600,155,24,145,0,0,0,8300,8,2007
1231,90,70.0,7728,5,6,1962,1962,120.0,803,0,303,1106,1190,0,0,1190,1,0,1,0,3,1,6,0,1962.0,2,540,0,18,0,0,0,0,0,5,2006
1232,90,70.0,9842,4,5,1962,1962,0.0,0,0,0,0,1224,0,0,1224,0,0,2,0,2,2,6,0,1962.0,2,462,0,0,0,0,0,0,0,3,2007
1233,20,0.0,12160,5,5,1959,1959,180.0,1000,0,188,1188,1188,0,0,1188,1,0,1,0,3,1,6,0,1959.0,2,531,0,0,0,0,0,0,0,5,2010
1234,70,55.0,8525,5,6,1911,1950,0.0,0,0,940,940,1024,940,0,1964,0,0,1,1,4,1,7,0,0.0,0,0,0,192,0,0,0,0,0,11,2008
1235,70,96.0,13132,5,5,1914,1950,0.0,0,0,747,747,892,892,0,1784,0,0,1,1,4,1,9,0,1914.0,1,180,203,40,0,0,0,0,0,7,2006
1236,160,36.0,2628,7,5,2003,2003,106.0,0,0,764,764,764,862,0,1626,0,0,2,1,2,1,6,0,2003.0,2,474,0,27,0,0,0,0,0,6,2010
1237,60,41.0,12393,7,5,2004,2005,0.0,0,0,847,847,847,1101,0,1948,0,0,2,1,4,1,8,1,2004.0,2,434,100,48,0,0,0,0,0,9,2006
1238,20,63.0,13072,6,5,2005,2005,0.0,0,0,1141,1141,1141,0,0,1141,0,0,1,1,3,1,6,0,2005.0,2,484,0,0,0,0,0,0,0,3,2006
1239,20,64.0,9037,8,5,2006,2006,32.0,428,0,1048,1476,1484,0,0,1484,0,0,2,0,2,1,6,1,2006.0,2,472,120,33,0,0,0,0,0,12,2007
1240,60,65.0,8158,7,5,2003,2003,252.0,550,0,334,884,884,884,0,1768,1,0,2,1,3,1,8,0,2003.0,2,543,0,63,0,0,0,0,0,7,2008
1241,20,83.0,9849,7,6,2007,2007,0.0,0,0,1689,1689,1689,0,0,1689,0,0,2,0,3,1,7,0,2007.0,3,954,0,56,0,0,0,0,0,6,2007
1242,85,85.0,10625,7,6,1974,1974,81.0,885,168,0,1053,1173,0,0,1173,1,0,2,0,3,1,6,2,1974.0,2,528,0,120,0,0,0,0,0,1,2010
1243,20,107.0,13891,10,5,2006,2006,0.0,1386,0,690,2076,2076,0,0,2076,1,0,2,1,2,1,7,1,2006.0,3,850,216,229,0,0,0,0,0,9,2006
1244,70,0.0,11435,8,7,1929,1950,0.0,0,0,792,792,792,725,0,1517,0,0,1,0,3,1,7,2,1931.0,2,400,0,0,0,0,0,0,0,6,2006
1245,80,78.0,12090,6,7,1984,2003,74.0,0,0,585,585,1140,728,0,1868,0,0,3,1,3,1,7,1,1984.0,2,477,268,112,0,0,147,0,0,1,2007
1246,60,65.0,8125,7,5,2005,2006,0.0,0,0,756,756,756,797,0,1553,0,0,2,1,3,1,6,0,2005.0,2,615,0,45,0,0,0,0,0,3,2006
1247,80,0.0,12328,6,5,1976,1976,335.0,539,0,473,1012,1034,0,0,1034,1,0,1,0,3,1,6,0,1976.0,3,888,0,0,0,0,0,0,0,5,2010
1248,75,60.0,9600,6,5,1917,1950,0.0,319,0,416,735,1134,924,0,2058,0,0,1,1,3,1,8,1,1950.0,2,396,0,0,259,0,0,0,0,4,2008
1249,20,60.0,7200,5,7,1950,1950,0.0,534,96,246,876,988,0,0,988,0,0,1,0,3,1,6,0,1950.0,1,276,0,80,0,0,0,0,0,5,2007
1250,20,93.0,11160,7,5,1968,1968,0.0,1065,0,1045,2110,2110,0,0,2110,1,0,2,1,3,1,8,2,1968.0,2,522,0,0,0,0,0,0,0,4,2010
1251,120,0.0,3136,7,5,2003,2003,163.0,0,0,1405,1405,1405,0,0,1405,0,0,2,0,2,1,6,1,2003.0,2,478,148,36,0,0,0,0,0,3,2006
1252,20,62.0,9858,5,6,1968,1968,0.0,510,0,354,864,874,0,0,874,1,0,1,0,3,1,5,0,1968.0,1,288,33,0,0,0,0,0,600,11,2009
1253,60,0.0,17542,7,7,1974,2003,0.0,125,1031,36,1192,1516,651,0,2167,1,0,2,1,3,1,9,2,1974.0,2,518,220,47,0,0,0,0,0,7,2007
1254,60,60.0,6931,7,5,2003,2004,92.0,0,0,746,746,760,896,0,1656,0,0,2,1,3,1,7,1,2003.0,2,397,178,128,0,0,0,0,0,7,2008
1255,50,52.0,6240,6,6,1931,1950,0.0,425,0,459,884,959,408,0,1367,0,0,1,0,3,1,6,1,1978.0,1,560,0,0,0,0,120,0,0,11,2007
1256,20,91.0,14303,8,5,1994,1994,554.0,1314,0,672,1986,1987,0,0,1987,1,0,2,0,2,1,7,1,1994.0,2,691,262,36,0,0,0,0,0,8,2008
1257,30,56.0,4060,5,8,1922,1950,0.0,0,0,864,864,864,0,0,864,0,0,1,0,2,1,4,0,0.0,0,0,0,96,0,0,0,0,0,7,2009
1258,80,59.0,9587,7,5,2005,2005,182.0,655,0,201,856,1166,0,0,1166,1,0,2,0,2,1,5,0,2005.0,2,400,212,0,0,0,0,0,0,7,2008
1259,20,65.0,9750,6,8,1969,1969,0.0,602,438,14,1054,1054,0,0,1054,1,0,1,1,3,1,6,0,1969.0,2,460,180,0,0,0,80,0,0,7,2008
1260,60,0.0,24682,6,5,1999,1999,0.0,0,0,841,841,892,783,0,1675,0,0,2,1,3,1,7,1,1999.0,2,502,0,103,0,0,0,0,0,6,2009
1261,20,80.0,9600,5,6,1956,1956,0.0,504,0,546,1050,1050,0,0,1050,0,0,1,0,2,1,5,0,1956.0,1,338,0,0,0,0,0,0,0,6,2009
1262,50,0.0,11250,4,5,1957,1989,0.0,0,0,1104,1104,1104,684,0,1788,1,0,1,0,5,1,8,2,1957.0,1,304,120,0,0,0,0,0,0,11,2009
1263,70,60.0,13515,6,6,1919,1950,0.0,0,0,764,764,1060,764,0,1824,0,0,1,0,3,1,8,1,1940.0,2,520,0,0,126,0,0,0,0,7,2007
1264,120,34.0,4060,6,5,1998,1999,0.0,266,0,1139,1405,1337,0,0,1337,1,0,2,0,2,1,5,0,1998.0,2,511,144,68,0,0,0,0,0,8,2008
1265,160,35.0,3735,7,5,1999,1999,218.0,450,0,241,691,713,739,0,1452,1,0,2,1,3,1,6,0,1999.0,2,506,0,34,0,0,0,0,0,3,2006
1266,190,60.0,10120,7,4,1910,1950,0.0,0,0,925,925,964,925,0,1889,0,0,1,1,4,2,9,1,1960.0,1,308,0,0,264,0,0,0,0,1,2007
1267,20,89.0,13214,9,5,2008,2009,0.0,0,0,2002,2002,2018,0,0,2018,0,0,2,0,3,1,10,1,2009.0,3,746,144,76,0,0,0,0,0,5,2010
1268,50,0.0,14100,8,9,1935,1997,632.0,192,0,536,728,1968,1479,0,3447,0,0,3,1,4,1,11,2,1982.0,3,1014,314,12,0,0,0,0,0,5,2008
1269,50,78.0,11344,5,5,1958,1958,180.0,460,0,414,874,874,650,0,1524,0,0,1,1,3,1,7,0,1958.0,1,315,0,0,0,0,0,0,0,7,2007
1270,40,0.0,23595,7,6,1979,1979,0.0,1258,0,74,1332,1332,192,0,1524,2,0,0,1,0,1,4,1,1979.0,2,586,268,0,0,0,0,0,0,4,2010
1271,20,0.0,9156,6,7,1968,1968,0.0,0,0,1489,1489,1489,0,0,1489,0,0,2,0,3,1,7,1,1968.0,2,462,0,0,0,0,0,0,0,8,2009
1272,20,0.0,13526,5,6,1965,1965,114.0,560,375,0,935,935,0,0,935,1,0,1,0,3,1,5,0,1965.0,1,288,180,0,0,0,0,0,0,11,2006
1273,80,124.0,11512,6,7,1959,2006,84.0,719,0,300,1019,1357,0,0,1357,1,0,1,0,2,1,5,1,1959.0,1,312,0,0,0,0,163,0,0,5,2008
1274,50,53.0,5362,5,6,1910,2003,0.0,0,0,661,661,661,589,0,1250,0,0,2,0,3,1,8,1,1985.0,2,552,242,0,81,0,0,0,0,11,2007
1275,90,95.0,11345,5,5,1948,1950,567.0,220,0,708,928,928,992,0,1920,0,0,2,0,4,2,10,0,1948.0,2,400,0,0,0,0,0,0,0,7,2007
1276,60,0.0,12936,6,6,1972,1972,0.0,593,0,130,723,735,660,0,1395,0,1,1,1,3,1,6,1,1972.0,2,497,294,116,0,0,0,0,0,12,2009
1277,80,0.0,17871,6,5,1967,1976,359.0,528,0,1152,1680,1724,0,0,1724,1,0,1,1,3,1,7,1,1967.0,2,480,0,0,0,0,0,0,0,6,2009
1278,60,75.0,9473,8,5,2002,2002,0.0,804,0,324,1128,1128,903,0,2031,1,0,2,1,3,1,7,1,2002.0,2,577,0,211,0,0,0,0,0,3,2008
1279,50,60.0,7500,4,4,1920,1950,0.0,0,0,698,698,698,430,0,1128,0,0,1,0,2,1,6,0,1980.0,2,528,30,0,164,0,0,0,0,4,2010
1280,20,67.0,9808,7,5,2002,2002,110.0,788,0,785,1573,1573,0,0,1573,1,0,2,0,3,1,6,0,2002.0,2,544,0,72,0,0,0,0,0,3,2009
1281,20,50.0,8049,7,5,1990,1990,54.0,1053,0,256,1309,1339,0,0,1339,1,0,2,0,2,1,6,1,1990.0,2,484,0,58,0,0,90,0,0,7,2006
1282,20,61.0,8800,5,7,1977,2008,0.0,532,144,364,1040,1040,0,0,1040,0,0,2,0,3,1,5,0,1977.0,2,484,0,0,0,0,288,0,0,9,2009
1283,90,94.0,9400,6,5,1971,1971,0.0,0,0,912,912,912,912,0,1824,0,0,2,2,4,2,8,0,0.0,0,0,128,0,0,0,0,0,0,4,2010
1284,50,50.0,9638,6,7,1919,1990,0.0,0,0,804,804,1699,748,0,2447,0,0,2,0,4,1,10,1,1969.0,1,336,272,0,42,0,116,0,0,3,2010
1285,50,50.0,6000,6,6,1939,1950,0.0,0,0,780,780,825,587,0,1412,0,0,1,0,4,1,6,1,1939.0,1,280,45,0,0,0,0,0,0,5,2009
1286,20,0.0,9790,6,5,1963,1963,451.0,569,81,678,1328,1328,0,0,1328,1,0,1,1,3,1,6,2,1963.0,2,528,0,26,0,0,0,0,0,6,2010
1287,20,0.0,36500,5,5,1964,1964,621.0,812,0,812,1624,1582,0,0,1582,0,1,2,0,4,1,7,0,1964.0,2,390,168,198,0,0,0,0,0,6,2006
1288,120,40.0,5664,8,5,2000,2000,0.0,1158,0,343,1501,1659,0,0,1659,1,0,2,0,2,1,5,1,2000.0,2,499,212,59,0,0,0,0,0,10,2009
1289,60,86.0,11065,8,5,2006,2006,788.0,0,0,1085,1085,1120,850,0,1970,0,0,2,1,3,1,8,1,2006.0,3,753,177,74,0,0,0,0,0,10,2006
1290,80,0.0,14112,5,7,1964,1964,86.0,1014,0,138,1152,1152,0,0,1152,1,0,1,0,3,1,6,1,1964.0,2,484,227,0,0,0,0,0,0,4,2010
1291,160,21.0,1680,5,7,1972,1972,268.0,231,0,399,630,630,672,0,1302,0,0,2,1,3,1,6,0,1972.0,1,264,185,0,0,0,0,0,0,2,2009
1292,70,60.0,6600,5,4,1892,1965,0.0,0,0,994,994,1378,994,0,2372,0,0,2,0,4,2,11,0,1985.0,1,432,0,287,0,0,0,0,0,12,2009
1293,60,78.0,10140,7,5,1976,1976,0.0,194,0,638,832,832,832,0,1664,0,0,2,1,4,1,8,1,1976.0,2,528,0,28,0,0,259,0,0,3,2006
1294,20,60.0,8172,5,7,1955,1990,0.0,167,0,697,864,864,0,0,864,1,0,1,0,2,1,5,0,1957.0,2,572,0,0,0,0,0,0,0,4,2006
1295,20,70.0,8400,5,5,1968,1968,168.0,1016,0,36,1052,1052,0,0,1052,1,0,1,1,3,1,5,0,1968.0,1,288,356,0,0,0,0,0,0,11,2006
1296,20,80.0,8700,5,6,1963,1963,148.0,776,0,344,1120,1128,0,0,1128,1,0,2,0,3,1,6,0,1963.0,2,525,192,20,123,0,0,0,0,12,2008
1297,180,35.0,3675,6,5,2005,2006,82.0,547,0,0,547,1072,0,0,1072,1,0,2,0,2,1,5,0,2005.0,2,525,0,44,0,0,0,0,0,6,2006
1298,60,313.0,63887,10,5,2008,2008,796.0,5644,0,466,6110,4692,950,0,5642,2,0,2,1,3,1,12,3,2008.0,2,1418,214,292,0,0,0,480,0,1,2008
1299,20,75.0,7500,5,7,1959,1994,0.0,340,906,0,1246,1246,0,0,1246,1,0,1,1,3,1,6,0,1959.0,1,305,218,0,0,0,0,0,0,5,2010
1300,60,0.0,10762,7,5,1999,1999,344.0,694,0,284,978,1005,978,0,1983,0,0,2,1,3,1,9,1,1999.0,2,490,0,0,0,0,0,0,0,5,2009
1301,70,0.0,7500,6,7,1942,1950,0.0,547,0,224,771,753,741,0,1494,0,0,1,0,3,1,7,2,1942.0,1,213,0,0,0,0,224,0,0,11,2009
1302,60,92.0,10120,8,5,1994,1994,391.0,740,0,425,1165,1203,1323,0,2526,1,0,2,1,4,1,8,1,1994.0,3,844,309,78,0,0,0,0,0,12,2006
1303,20,73.0,8688,7,5,2005,2005,228.0,0,0,1616,1616,1616,0,0,1616,0,0,2,0,3,1,7,0,2005.0,3,834,208,59,0,0,0,0,0,4,2006
1304,160,32.0,3363,7,5,2004,2004,117.0,0,0,976,976,976,732,0,1708,0,0,2,0,3,1,7,0,2004.0,2,380,0,40,0,0,0,0,0,4,2006
1305,20,108.0,13173,9,5,2006,2007,300.0,1572,0,80,1652,1652,0,0,1652,1,0,2,0,2,1,6,2,2006.0,2,840,404,102,0,0,0,0,0,11,2009
1306,120,48.0,6955,7,5,2005,2006,94.0,0,0,1368,1368,1368,0,0,1368,0,0,2,0,2,1,6,1,2005.0,2,474,132,35,0,0,0,0,0,9,2006
1307,20,60.0,8072,5,5,1994,1995,0.0,746,0,244,990,990,0,0,990,1,0,1,0,3,1,5,0,2000.0,2,480,0,64,0,0,0,0,0,5,2009
1308,20,100.0,12000,5,7,1948,2005,0.0,144,608,172,924,1122,0,0,1122,1,0,1,0,2,1,6,0,1948.0,2,528,0,36,0,0,0,0,0,5,2008
1309,20,0.0,7153,6,5,1991,1991,88.0,1200,0,78,1278,1294,0,0,1294,1,0,2,0,3,1,6,0,1991.0,2,496,112,51,0,0,0,0,0,6,2008
1310,20,100.0,17500,7,8,1959,2002,0.0,1406,0,496,1902,1902,0,0,1902,1,0,2,0,3,1,7,2,1959.0,2,567,0,207,162,0,0,0,0,5,2010
1311,20,68.0,8814,7,5,2005,2007,80.0,925,0,349,1274,1274,0,0,1274,1,0,2,0,3,1,6,0,2005.0,2,508,264,98,0,0,0,0,0,1,2007
1312,60,0.0,9572,8,5,1990,1990,336.0,482,0,971,1453,1453,1357,0,2810,0,0,2,1,4,1,9,1,1990.0,2,750,500,0,0,0,0,0,0,6,2007
1313,60,108.0,14774,9,5,1999,1999,165.0,0,0,1393,1393,1422,1177,0,2599,0,0,2,1,4,1,10,1,1999.0,3,779,668,30,0,0,0,0,0,5,2010
1314,20,60.0,8190,4,6,1954,1954,0.0,732,0,216,948,948,0,0,948,1,0,1,0,3,1,5,1,1956.0,1,280,0,36,0,0,0,0,0,10,2007
1315,60,85.0,11075,6,5,1969,1969,0.0,500,276,176,952,1092,1020,0,2112,0,0,2,1,4,1,9,2,1969.0,2,576,280,0,0,0,0,0,0,6,2008
1316,20,61.0,10226,8,5,2008,2008,270.0,0,0,1622,1622,1630,0,0,1630,1,0,2,0,3,1,8,1,2008.0,3,860,172,42,0,0,0,0,0,1,2009
1317,120,47.0,4230,7,5,2006,2007,0.0,0,0,1352,1352,1352,0,0,1352,0,0,2,0,2,1,5,1,2006.0,2,466,0,241,0,0,0,0,0,4,2007
1318,20,0.0,14781,8,5,2001,2002,178.0,0,0,1753,1753,1787,0,0,1787,0,0,2,0,3,1,7,1,2001.0,3,748,198,150,0,0,0,0,0,8,2006
1319,20,75.0,10215,4,5,1954,1954,132.0,492,0,372,864,948,0,0,948,0,0,1,0,3,1,5,0,1954.0,1,248,0,0,0,0,0,0,0,2,2007
1320,20,70.0,8400,6,3,1957,1957,0.0,189,661,628,1478,1478,0,0,1478,1,0,1,1,3,1,6,2,1957.0,2,442,114,0,0,0,216,0,0,6,2009
1321,20,0.0,6627,3,6,1949,1950,0.0,0,0,0,0,720,0,0,720,0,0,1,0,2,1,4,0,1955.0,1,287,0,0,0,0,0,0,0,7,2008
1322,60,107.0,10186,7,5,1992,1992,0.0,674,0,76,750,1061,862,0,1923,1,0,2,1,3,1,8,1,1992.0,2,564,240,39,0,0,0,0,0,6,2010
1323,30,50.0,5330,4,7,1940,1950,0.0,280,0,140,420,708,0,0,708,0,0,1,0,2,1,5,0,0.0,0,0,164,0,0,0,0,0,0,12,2009
1324,20,75.0,9986,8,5,2006,2007,428.0,0,0,1795,1795,1795,0,0,1795,0,0,2,0,2,1,7,1,2007.0,3,895,0,49,0,0,0,0,0,2,2007
1325,30,40.0,3636,4,4,1922,1950,0.0,0,0,796,796,796,0,0,796,0,0,1,0,2,1,5,0,0.0,0,0,0,0,100,0,0,0,0,1,2008
1326,30,70.0,4270,3,6,1931,2006,0.0,544,0,0,544,774,0,0,774,0,0,1,0,3,1,6,0,0.0,0,0,0,0,286,0,0,0,0,5,2007
1327,20,60.0,6600,5,9,1982,2008,0.0,641,0,175,816,816,0,0,816,0,1,1,0,3,1,5,1,1982.0,1,264,0,0,0,0,0,0,0,10,2008
1328,50,60.0,10440,6,7,1920,1950,0.0,493,0,1017,1510,1584,1208,0,2792,0,0,2,0,5,1,8,2,1920.0,2,520,0,547,0,0,480,0,1150,6,2008
1329,60,63.0,9084,7,5,1998,1998,0.0,0,0,935,935,955,677,0,1632,0,0,2,1,3,1,8,1,1998.0,2,462,0,28,0,0,0,0,0,6,2006
1330,20,85.0,10000,8,5,2006,2006,410.0,0,0,1588,1588,1588,0,0,1588,0,0,2,0,3,1,7,1,2006.0,3,825,144,45,0,0,0,0,0,12,2007
1331,80,55.0,10780,5,5,1976,1976,0.0,483,0,428,911,954,0,0,954,0,0,1,0,3,1,6,0,1976.0,2,576,0,0,0,0,0,0,0,7,2006
1332,20,67.0,8877,4,6,1938,1958,0.0,690,0,126,816,816,0,0,816,1,0,1,0,2,1,3,1,1958.0,1,288,0,0,0,0,0,0,0,5,2009
1333,50,60.0,7200,5,6,1938,1995,0.0,0,0,803,803,803,557,0,1360,0,0,1,1,2,1,6,0,1951.0,1,297,0,65,190,0,0,0,0,7,2006
1334,160,24.0,2368,5,6,1970,1970,312.0,765,0,0,765,765,600,0,1365,0,0,1,1,3,1,7,0,1970.0,2,440,0,36,0,0,0,0,0,5,2009
1335,20,80.0,9650,6,5,1977,1977,360.0,686,0,664,1350,1334,0,0,1334,0,1,2,0,2,1,6,1,1977.0,2,630,0,16,0,0,0,0,0,4,2009
1336,90,87.0,9246,5,5,1973,1973,564.0,0,0,1656,1656,1656,0,0,1656,0,0,2,0,4,2,8,0,1973.0,2,506,0,211,0,0,0,0,0,11,2008
1337,30,153.0,4118,4,4,1941,1950,0.0,0,0,693,693,693,0,0,693,0,0,1,0,2,1,4,0,0.0,0,0,0,20,0,0,0,0,0,3,2006
1338,60,95.0,13450,7,5,2002,2002,0.0,700,0,216,916,920,941,0,1861,1,0,2,1,3,1,8,0,2002.0,2,492,146,91,0,0,0,0,0,6,2006
1339,20,120.0,9560,5,7,1972,1972,0.0,360,0,504,864,864,0,0,864,0,0,1,0,3,1,5,0,1972.0,1,288,0,0,0,0,0,0,0,6,2006
1340,20,70.0,8294,4,5,1971,1971,0.0,0,0,858,858,872,0,0,872,0,0,1,0,3,1,5,0,1974.0,4,480,0,0,0,0,0,0,0,6,2007
1341,20,66.0,13695,6,5,2003,2004,0.0,814,0,300,1114,1114,0,0,1114,1,0,1,0,3,1,6,0,2004.0,2,576,0,78,0,0,0,0,0,7,2008
1342,60,0.0,9375,8,5,2002,2002,149.0,0,0,1284,1284,1284,885,0,2169,0,0,2,1,3,1,7,1,2002.0,2,647,192,87,0,0,0,0,0,8,2007
1343,50,57.0,7558,6,6,1928,1950,0.0,0,0,896,896,1172,741,0,1913,0,0,1,1,3,1,9,1,1929.0,2,342,0,0,0,0,0,0,0,3,2009
1344,60,85.0,11103,7,5,2006,2006,0.0,0,0,728,728,728,728,0,1456,0,0,2,1,3,1,8,1,2006.0,2,440,0,0,0,0,0,0,0,7,2007
1345,30,50.0,6000,4,4,1920,1950,0.0,250,0,710,960,960,0,0,960,0,0,1,0,2,1,5,0,1997.0,1,308,0,0,168,0,0,0,0,7,2007
1346,20,0.0,20781,7,7,1968,2003,0.0,297,68,1203,1568,2156,0,0,2156,0,0,2,0,3,1,9,1,1968.0,2,508,0,80,0,290,0,0,0,6,2006
1347,20,93.0,15306,8,5,2006,2007,100.0,80,0,1652,1732,1776,0,0,1776,1,0,2,0,3,1,7,1,2006.0,3,712,0,0,0,0,0,0,0,5,2007
1348,20,0.0,16196,7,5,1998,1998,0.0,1443,0,39,1482,1494,0,0,1494,1,0,2,0,3,1,5,1,1998.0,2,514,402,25,0,0,0,0,0,8,2007
1349,70,50.0,5250,8,5,1872,1987,0.0,259,0,425,684,938,1215,205,2358,0,0,2,0,4,1,8,0,0.0,0,0,0,54,20,0,0,0,0,12,2008
1350,90,91.0,11643,5,5,1969,1969,368.0,500,0,748,1248,1338,1296,0,2634,1,1,2,2,6,2,12,0,1969.0,4,968,0,0,0,0,0,0,0,8,2009
1351,60,70.0,9247,6,6,1962,1962,318.0,319,0,539,858,858,858,0,1716,0,0,1,1,4,1,8,1,1962.0,2,490,0,84,0,0,120,0,0,3,2008
1352,50,50.0,6000,6,9,1937,2000,0.0,0,0,698,698,786,390,0,1176,0,0,1,0,2,1,4,0,1999.0,2,624,210,0,0,0,0,0,0,7,2009
1353,50,56.0,14720,8,5,1995,1996,579.0,816,0,1217,2033,2053,1185,0,3238,1,0,2,1,4,1,9,1,1996.0,3,666,283,86,0,0,0,0,0,3,2010
1354,60,0.0,10316,7,5,2000,2000,0.0,735,0,257,992,992,873,0,1865,1,0,2,1,3,1,7,1,2000.0,3,839,0,184,0,0,0,0,0,6,2008
1355,80,102.0,10192,7,6,1968,1992,143.0,0,0,570,570,1222,698,0,1920,0,0,3,0,4,1,8,1,1968.0,2,487,0,98,0,0,0,0,0,9,2006
1356,20,0.0,9477,5,5,1966,1966,65.0,340,0,524,864,892,0,0,892,0,0,1,0,3,1,5,0,1966.0,1,264,0,0,0,0,0,0,0,10,2008
1357,20,0.0,12537,5,6,1971,2008,0.0,734,0,344,1078,1078,0,0,1078,1,0,1,1,3,1,6,1,1971.0,2,500,0,0,0,0,0,0,0,4,2010
1358,160,0.0,2117,6,5,2000,2000,216.0,378,0,378,756,769,804,0,1573,0,0,2,1,3,1,5,0,2000.0,2,440,0,32,0,0,0,0,0,6,2010
1359,20,129.0,16737,9,5,2004,2005,66.0,1447,0,533,1980,1980,0,0,1980,1,0,2,0,3,1,8,1,2004.0,3,770,194,45,0,0,0,0,0,9,2006
1360,70,51.0,9842,5,6,1921,1998,0.0,0,0,612,612,990,1611,0,2601,0,0,3,1,4,1,8,0,1998.0,2,621,183,0,301,0,0,0,0,5,2008
1361,20,124.0,16158,7,5,2005,2005,16.0,1274,0,256,1530,1530,0,0,1530,1,0,2,0,3,1,7,1,2005.0,2,430,168,36,0,0,0,0,0,6,2009
1362,50,0.0,12513,4,4,1920,2007,0.0,0,0,715,715,1281,457,0,1738,0,0,2,0,4,1,7,1,1920.0,1,368,55,0,0,0,0,0,0,6,2009
1363,60,73.0,8499,6,5,2006,2007,0.0,0,0,616,616,616,796,0,1412,0,0,2,1,3,1,6,1,2007.0,2,432,0,36,0,0,0,0,0,3,2007
1364,160,30.0,3180,7,5,2005,2005,0.0,0,0,600,600,520,600,80,1200,0,0,2,1,2,1,4,0,2005.0,2,480,0,166,0,0,0,0,0,4,2006
1365,60,0.0,7500,7,5,2000,2000,0.0,533,0,281,814,814,860,0,1674,1,0,2,1,3,1,7,0,2000.0,2,663,0,96,0,0,0,0,0,1,2010
1366,60,68.0,9179,7,5,1999,1999,158.0,633,0,240,873,882,908,0,1790,1,0,2,1,3,1,7,0,1999.0,2,588,0,88,0,0,0,0,0,6,2008
1367,160,41.0,2665,5,6,1977,1977,0.0,548,173,36,757,925,550,0,1475,0,0,2,0,4,1,6,1,1977.0,1,336,104,26,0,0,0,0,0,7,2006
1368,120,0.0,4435,6,5,2003,2004,170.0,685,0,163,848,848,0,0,848,1,0,1,0,1,1,4,0,2003.0,2,420,140,0,0,0,0,0,0,6,2009
1369,20,48.0,10635,8,5,2003,2003,171.0,370,972,315,1657,1668,0,0,1668,1,0,2,0,3,1,8,1,2003.0,2,502,0,262,0,0,0,0,0,5,2010
1370,50,90.0,5400,4,6,1920,1950,0.0,315,105,420,840,840,534,0,1374,0,0,1,0,2,1,6,0,1967.0,1,338,0,0,198,0,0,0,0,10,2009
1371,80,80.0,9600,6,6,1955,1996,0.0,831,0,161,992,1661,0,0,1661,1,0,1,0,3,1,8,1,1955.0,1,377,0,28,0,0,178,0,0,10,2008
1372,60,75.0,9750,7,6,1998,1998,0.0,975,0,133,1108,1108,989,0,2097,1,0,2,1,3,1,8,1,1998.0,2,583,253,170,0,0,0,0,0,6,2006
1373,20,0.0,11400,10,5,2001,2002,705.0,1282,0,1351,2633,2633,0,0,2633,1,0,2,1,2,1,8,2,2001.0,3,804,314,140,0,0,0,0,0,3,2007
1374,60,85.0,10625,7,5,2005,2005,0.0,0,0,1026,1026,1026,932,0,1958,0,0,2,1,3,1,9,1,2005.0,3,936,154,210,0,0,0,0,0,7,2008
1375,20,89.0,10991,8,5,2007,2007,80.0,0,0,1571,1571,1571,0,0,1571,0,0,2,0,3,1,7,1,2007.0,3,722,100,36,0,0,0,0,0,12,2007
1376,30,52.0,6292,6,5,1930,1950,0.0,384,0,384,768,790,0,0,790,0,0,1,0,2,1,4,0,1925.0,1,160,0,141,0,0,0,0,0,4,2008
1377,50,60.0,10998,5,5,1941,1960,0.0,408,420,156,984,984,620,0,1604,0,0,2,0,3,1,6,0,1977.0,2,660,0,68,0,0,0,0,0,7,2009
1378,160,21.0,1953,6,5,1973,1973,408.0,309,0,174,483,483,504,0,987,0,0,1,1,2,1,5,0,1973.0,1,264,72,0,0,0,0,0,0,6,2006
1379,80,73.0,9735,5,5,2006,2007,0.0,0,0,384,384,754,640,0,1394,0,0,2,1,3,1,7,0,2007.0,2,400,100,0,0,0,0,0,0,5,2008
1380,30,45.0,8212,3,3,1914,1950,0.0,203,0,661,864,864,0,0,864,1,0,1,0,2,1,5,0,1938.0,1,200,0,0,96,0,0,0,0,6,2010
1381,20,0.0,12925,6,7,1970,1970,0.0,865,0,340,1205,2117,0,0,2117,0,0,2,1,4,1,7,2,1970.0,2,550,0,42,0,0,0,0,0,5,2008
1382,70,60.0,7200,7,7,1920,1950,0.0,0,0,596,596,998,764,0,1762,1,0,1,1,4,1,8,0,1989.0,2,576,36,0,221,0,0,0,0,10,2006
1383,30,0.0,25339,5,7,1918,2007,0.0,0,0,816,816,1416,0,0,1416,0,0,2,0,3,1,7,0,2007.0,2,576,0,0,112,0,0,0,0,8,2007
1384,50,60.0,9060,6,5,1939,1950,0.0,204,0,356,560,698,560,0,1258,0,0,1,0,2,1,6,0,1939.0,1,280,0,0,0,0,0,0,0,10,2009
1385,50,40.0,5436,4,8,1922,2007,0.0,735,0,61,796,796,358,0,1154,1,0,1,0,3,1,7,0,1922.0,1,240,0,96,0,0,0,0,0,5,2010
1386,60,80.0,16692,7,5,1978,1978,184.0,790,469,133,1392,1392,1392,0,2784,1,0,3,1,5,1,12,2,1978.0,2,564,0,112,0,0,440,519,2000,7,2006
1387,50,60.0,8520,6,7,1916,1950,0.0,168,546,0,714,1664,862,0,2526,0,0,2,0,5,1,10,1,1916.0,1,216,88,15,0,0,0,0,0,8,2007
1388,20,42.0,14892,9,5,2006,2007,160.0,1320,0,426,1746,1746,0,0,1746,1,0,2,0,3,1,7,2,2006.0,3,758,201,39,0,0,0,0,0,10,2009
1389,50,60.0,6000,6,6,1941,1950,0.0,375,0,360,735,869,349,0,1218,0,1,1,0,3,1,6,1,2003.0,2,440,0,0,0,0,0,0,0,3,2007
1390,20,70.0,9100,7,5,2000,2000,244.0,1400,0,125,1525,1525,0,0,1525,1,0,2,0,3,1,6,0,2000.0,2,541,219,36,0,0,0,0,0,9,2006
1391,90,65.0,8944,5,5,1967,1967,0.0,0,0,1584,1584,1584,0,0,1584,0,0,2,0,4,2,8,0,1967.0,3,792,0,152,0,0,0,0,0,4,2009
1392,85,68.0,7838,5,5,1967,1967,0.0,769,0,95,864,900,0,0,900,1,0,1,0,3,1,6,1,1967.0,1,288,175,144,0,0,0,0,0,12,2006
1393,190,60.0,10800,6,7,1905,2000,0.0,0,0,482,482,1221,691,0,1912,0,0,2,0,3,2,7,1,2003.0,2,672,0,25,212,0,0,0,0,4,2008
1394,120,53.0,4045,7,5,2006,2006,45.0,1070,0,286,1356,1500,0,0,1500,1,0,2,0,2,1,6,1,2006.0,3,648,161,20,0,0,0,0,0,10,2006
1395,60,88.0,12665,8,5,2005,2006,245.0,0,0,1094,1094,1133,1349,0,2482,0,0,2,1,4,1,9,1,2005.0,3,642,144,39,0,0,0,0,0,2,2007
1396,20,0.0,57200,5,5,1948,1950,0.0,353,334,60,747,1687,0,0,1687,1,0,1,0,3,1,7,2,1966.0,2,572,0,0,50,0,0,0,0,6,2010
1397,70,51.0,6120,5,8,1920,2004,0.0,0,0,939,939,939,574,0,1513,0,0,1,1,4,1,8,0,1933.0,1,180,24,0,150,0,0,0,0,5,2007
1398,50,60.0,7200,5,4,1950,1982,0.0,180,352,676,1208,1136,768,0,1904,1,0,1,1,3,1,7,0,1950.0,1,240,0,0,168,0,0,0,0,5,2009
1399,50,51.0,6171,6,6,1925,1990,0.0,264,0,712,976,1160,448,0,1608,0,0,2,1,3,1,7,1,1925.0,1,216,147,16,0,0,0,0,0,10,2009
1400,50,50.0,6000,6,7,1929,1950,0.0,0,0,862,862,950,208,0,1158,0,0,1,0,3,1,5,1,1929.0,1,208,0,0,112,0,0,0,0,7,2008
1401,60,62.0,7415,6,5,2004,2004,0.0,759,0,80,839,864,729,0,1593,1,0,2,1,3,1,8,1,2004.0,2,398,100,75,0,0,0,0,0,4,2008
1402,20,64.0,6762,7,5,2006,2006,0.0,0,0,1286,1286,1294,0,0,1294,0,0,2,0,2,1,6,1,2006.0,2,662,168,55,0,0,0,0,0,7,2006
1403,20,49.0,15256,8,5,2007,2007,84.0,929,0,556,1485,1464,0,0,1464,1,0,2,0,3,1,6,0,2007.0,3,754,168,160,0,0,0,0,0,8,2007
1404,50,60.0,10410,3,4,1915,1950,0.0,0,0,672,672,694,520,0,1214,0,0,1,0,3,1,6,0,1998.0,3,936,216,0,160,0,0,0,0,1,2006
1405,120,44.0,3842,8,5,2004,2005,174.0,1373,0,221,1594,1646,0,0,1646,1,1,2,0,2,1,5,1,2004.0,2,482,128,53,0,0,155,0,0,1,2008
1406,85,70.0,8445,5,7,1972,2007,0.0,656,0,112,768,768,0,0,768,1,0,1,0,2,1,5,0,1988.0,2,396,58,0,0,0,0,0,0,3,2009
1407,20,0.0,8780,5,5,1985,1985,0.0,625,0,208,833,833,0,0,833,1,0,1,0,3,1,5,0,0.0,0,0,0,0,0,0,0,0,0,3,2009
1408,70,60.0,7740,4,7,1910,1950,0.0,0,0,622,622,741,622,0,1363,0,0,1,0,3,1,6,0,1966.0,2,528,0,0,0,0,168,0,0,6,2010
1409,60,46.0,20544,7,6,1986,1991,123.0,0,0,791,791,1236,857,0,2093,0,0,2,1,3,1,7,1,1986.0,2,542,364,63,0,0,0,0,0,11,2008
1410,60,79.0,12420,7,5,2001,2001,0.0,666,0,278,944,944,896,0,1840,1,0,2,1,3,1,6,0,2001.0,2,622,0,45,0,0,0,0,0,6,2009
1411,50,80.0,9600,6,8,1950,2005,0.0,120,0,736,856,1112,556,0,1668,0,0,1,1,3,1,6,0,1950.0,1,271,0,0,0,0,0,0,0,9,2009
1412,90,60.0,7200,4,5,1949,1950,0.0,0,0,0,0,1040,0,0,1040,0,0,2,0,2,2,6,0,1956.0,2,420,0,0,0,0,0,0,0,6,2009
1413,20,88.0,10994,8,5,2005,2006,366.0,976,0,868,1844,1844,0,0,1844,1,0,2,0,2,1,7,1,2005.0,2,620,165,44,0,0,0,0,0,9,2009
1414,50,64.0,13053,6,7,1923,2000,0.0,0,0,833,833,1053,795,0,1848,0,0,1,1,4,1,8,1,1922.0,2,370,0,0,0,0,220,0,0,6,2008
1415,120,51.0,3635,7,5,2007,2007,130.0,988,0,398,1386,1569,0,0,1569,0,1,2,0,1,1,7,1,2007.0,3,660,143,20,0,0,0,0,0,5,2009
1416,190,60.0,11340,4,6,1885,1950,0.0,0,0,777,777,1246,1044,0,2290,0,0,2,0,4,2,11,0,1971.0,2,560,0,0,114,0,0,0,0,4,2010
1417,60,0.0,16545,8,5,1998,1998,731.0,781,0,503,1284,1310,1140,0,2450,1,0,2,1,3,1,7,1,1998.0,3,1069,0,126,0,0,0,0,0,5,2009
1418,20,71.0,9204,5,5,1963,1963,0.0,25,872,247,1144,1144,0,0,1144,1,0,1,1,3,1,6,0,1962.0,1,336,0,88,0,0,0,0,0,8,2008
1419,20,0.0,16381,6,5,1969,1969,312.0,1110,0,734,1844,1844,0,0,1844,1,0,2,0,3,1,7,1,1969.0,2,540,0,73,216,0,0,0,0,12,2006
1420,60,90.0,11700,6,6,1968,1968,420.0,404,0,304,708,708,708,0,1416,0,0,2,1,3,1,7,1,1968.0,2,776,0,169,0,0,119,0,0,5,2006
1421,120,53.0,4043,6,5,1977,1977,0.0,360,0,709,1069,1069,0,0,1069,0,0,2,0,2,1,4,1,1977.0,2,440,0,55,0,0,165,0,0,7,2010
1422,120,37.0,4435,6,5,2003,2003,170.0,686,0,162,848,848,0,0,848,1,0,1,0,1,1,3,0,2003.0,2,420,140,0,0,0,0,0,0,3,2008
1423,80,0.0,19690,6,7,1966,1966,0.0,0,0,697,697,1575,626,0,2201,0,0,2,0,4,1,8,1,1966.0,2,432,586,236,0,0,0,738,0,8,2006
1424,20,0.0,9503,5,5,1958,1983,0.0,457,374,193,1024,1344,0,0,1344,1,0,1,0,2,1,6,1,1970.0,1,484,316,28,0,0,0,0,0,6,2007
1425,20,80.0,10721,6,6,1959,1959,243.0,0,0,1252,1252,1252,0,0,1252,0,0,1,0,3,1,7,0,1960.0,2,528,0,39,0,0,0,0,0,10,2008
1426,60,81.0,10944,7,5,1994,1994,448.0,1000,0,223,1223,1223,904,0,2127,1,0,2,1,3,1,5,2,1994.0,2,525,171,132,0,0,0,0,0,8,2008
1427,50,60.0,10930,5,6,1945,1950,0.0,580,0,333,913,1048,510,0,1558,1,0,1,1,3,1,6,1,1962.0,1,288,0,0,0,0,0,0,0,4,2008
1428,30,60.0,7200,5,7,1940,1992,294.0,510,0,278,788,804,0,0,804,1,0,1,0,2,1,4,2,1940.0,1,240,0,0,154,0,0,0,0,2,2010
1429,20,0.0,12546,6,7,1981,1981,310.0,678,0,762,1440,1440,0,0,1440,0,0,2,0,3,1,7,1,1981.0,2,467,0,0,99,0,0,0,0,4,2007
1430,60,60.0,21930,5,5,2005,2005,0.0,0,0,732,732,734,1104,0,1838,0,0,2,1,4,1,7,1,2005.0,2,372,100,40,0,0,0,0,0,7,2006
1431,120,0.0,4928,6,6,1976,1976,0.0,958,0,0,958,958,0,0,958,0,0,2,0,2,1,5,0,1976.0,2,440,0,60,0,0,0,0,0,10,2009
1432,30,60.0,10800,4,6,1927,2007,0.0,0,0,656,656,968,0,0,968,0,0,2,0,4,1,5,0,1928.0,1,216,0,0,0,0,0,0,0,8,2007
1433,60,93.0,10261,6,5,2000,2000,318.0,0,0,936,936,962,830,0,1792,1,0,2,1,3,1,8,1,2000.0,2,451,0,0,0,0,0,0,0,5,2008
1434,20,80.0,17400,5,5,1977,1977,0.0,936,0,190,1126,1126,0,0,1126,1,0,2,0,3,1,5,1,1977.0,2,484,295,41,0,0,0,0,0,5,2006
1435,20,80.0,8400,6,9,1962,2005,237.0,0,0,1319,1319,1537,0,0,1537,1,0,1,1,3,1,7,1,1962.0,2,462,0,36,0,0,0,0,0,7,2008
1436,20,60.0,9000,4,6,1971,1971,0.0,616,0,248,864,864,0,0,864,0,0,1,0,3,1,5,0,1974.0,2,528,0,0,0,0,0,0,0,5,2007
1437,20,96.0,12444,8,5,2008,2008,426.0,1336,0,596,1932,1932,0,0,1932,1,0,2,0,2,1,7,1,2008.0,3,774,0,66,0,304,0,0,0,11,2008
1438,20,90.0,7407,6,7,1957,1996,0.0,600,0,312,912,1236,0,0,1236,1,0,1,0,2,1,6,0,1957.0,2,923,0,158,158,0,0,0,0,4,2010
1439,60,80.0,11584,7,6,1979,1979,96.0,315,110,114,539,1040,685,0,1725,0,0,2,1,3,1,6,1,1979.0,2,550,0,88,216,0,0,0,0,11,2007
1440,70,79.0,11526,6,7,1922,1994,0.0,0,0,588,588,1423,748,384,2555,0,0,2,0,3,1,11,1,1993.0,2,672,431,0,0,0,0,0,0,9,2008
1441,120,0.0,4426,6,5,2004,2004,147.0,697,0,151,848,848,0,0,848,1,0,1,0,1,1,3,1,2004.0,2,420,149,0,0,0,0,0,0,5,2008
1442,60,85.0,11003,10,5,2008,2008,160.0,765,0,252,1017,1026,981,0,2007,1,0,2,1,3,1,10,1,2008.0,3,812,168,52,0,0,0,0,0,4,2009
1443,30,0.0,8854,6,6,1916,1950,0.0,0,0,952,952,952,0,0,952,0,0,1,0,2,1,4,1,1916.0,1,192,0,98,0,0,40,0,0,5,2009
1444,20,63.0,8500,7,5,2004,2004,106.0,0,0,1422,1422,1422,0,0,1422,0,0,2,0,3,1,7,0,2004.0,2,626,192,60,0,0,0,0,0,11,2007
1445,85,70.0,8400,6,5,1966,1966,0.0,187,627,0,814,913,0,0,913,1,0,1,0,3,1,6,0,1990.0,1,240,0,0,252,0,0,0,0,5,2007
1446,20,0.0,26142,5,7,1962,1962,189.0,593,0,595,1188,1188,0,0,1188,0,0,1,0,3,1,6,0,1962.0,1,312,261,39,0,0,0,0,0,4,2010
1447,60,80.0,10000,8,5,1995,1996,438.0,1079,0,141,1220,1220,870,0,2090,1,0,2,1,3,1,8,1,1995.0,2,556,0,65,0,0,0,0,0,12,2007
1448,50,70.0,11767,4,7,1910,2000,0.0,0,0,560,560,796,550,0,1346,0,0,1,1,2,1,6,0,1950.0,1,384,168,24,0,0,0,0,0,5,2007
1449,180,21.0,1533,5,7,1970,1970,0.0,553,0,77,630,630,0,0,630,1,0,1,0,1,1,3,0,0.0,0,0,0,0,0,0,0,0,0,8,2006
1450,90,60.0,9000,5,5,1974,1974,0.0,0,0,896,896,896,896,0,1792,0,0,2,2,4,2,8,0,0.0,0,0,32,45,0,0,0,0,0,9,2009
1451,20,78.0,9262,8,5,2008,2009,194.0,0,0,1573,1573,1578,0,0,1578,0,0,2,0,3,1,7,1,2008.0,3,840,0,36,0,0,0,0,0,5,2009
1452,180,35.0,3675,5,5,2005,2005,80.0,547,0,0,547,1072,0,0,1072,1,0,1,0,2,1,5,0,2005.0,2,525,0,28,0,0,0,0,0,5,2006
1453,20,90.0,17217,5,5,2006,2006,0.0,0,0,1140,1140,1140,0,0,1140,0,0,1,0,3,1,6,0,0.0,0,0,36,56,0,0,0,0,0,7,2006
1454,20,62.0,7500,7,5,2004,2005,0.0,410,0,811,1221,1221,0,0,1221,1,0,2,0,2,1,6,0,2004.0,2,400,0,113,0,0,0,0,0,10,2009
1455,60,62.0,7917,6,5,1999,2000,0.0,0,0,953,953,953,694,0,1647,0,0,2,1,3,1,7,1,1999.0,2,460,0,40,0,0,0,0,0,8,2007
1456,20,85.0,13175,6,6,1978,1988,119.0,790,163,589,1542,2073,0,0,2073,1,0,2,0,3,1,7,2,1978.0,2,500,349,0,0,0,0,0,0,2,2010
1457,70,66.0,9042,7,9,1941,2006,0.0,275,0,877,1152,1188,1152,0,2340,0,0,2,0,4,1,9,2,1941.0,1,252,0,60,0,0,0,0,2500,5,2010
1458,20,68.0,9717,5,6,1950,1996,0.0,49,1029,0,1078,1078,0,0,1078,1,0,1,0,2,1,5,0,1950.0,1,240,366,0,112,0,0,0,0,4,2010
1459,20,75.0,9937,5,6,1965,1965,0.0,830,290,136,1256,1256,0,0,1256,1,0,1,1,3,1,6,0,1965.0,1,276,736,68,0,0,0,0,0,6,2008
